mes,receita,custo,pedidos,clientes,previsao_receita
Jan,450000,320000,980,120,452380.9523809524
Fev,480000,340000,1050,135,476095.23809523816
Mar,520000,360000,1120,150,499809.52380952385
Abr,490000,350000,1010,142,523523.8095238096
Mai,550000,370000,1180,165,547238.0952380953
Jun,580000,390000,1240,178,570952.3809523811
